File Path,File Name
KN 22c/KN 22c_1.png,KN 22c_1.png
KN 22c/KN 22c_3.png,KN 22c_3.png
KN 22c/KN 22c_2.png,KN 22c_2.png
KN 22c/KN 22c_6.png,KN 22c_6.png
KN 22c/KN 22c.png,KN 22c.png
KN 22c/KN 22c_5.png,KN 22c_5.png
KN 22c/KN 22c_4.png,KN 22c_4.png
HT Wa 1747/HT Wa 1747.png,HT Wa 1747.png
HT Wa 1747/HT Wa 1747_1.png,HT Wa 1747_1.png
HT Wa 1323/HT Wa 1323_1.png,HT Wa 1323_1.png
HT Wa 1323/HT Wa 1323.png,HT Wa 1323.png
HT Wa 1324/HT Wa 1324_1.png,HT Wa 1324_1.png
HT Wa 1324/HT Wa 1324.png,HT Wa 1324.png
HT 116b/HT 116b.png,HT 116b.png
HT 116b/HT 116b_1.png,HT 116b_1.png
HT 116b/HT 116b_3.png,HT 116b_3.png
HT 116b/HT 116b_2.png,HT 116b_2.png
HT 116b/HT 116b_5.png,HT 116b_5.png
HT 116b/HT 116b_4.png,HT 116b_4.png
KE 1/KE 1_2.png,KE 1_2.png
KE 1/KE 1_3.png,KE 1_3.png
KE 1/KE 1_1.png,KE 1_1.png
KE 1/KE 1.png,KE 1.png
HT Wc 3001-latus/HT Wc 3001-latus_1.png,HT Wc 3001-latus_1.png
HT Wc 3001-latus/HT Wc 3001-latus.png,HT Wc 3001-latus.png
KN Wc 30/KN Wc 30_1.png,KN Wc 30_1.png
KN Wc 30/KN Wc 30_2.png,KN Wc 30_2.png
KN Wc 30/KN Wc 30.png,KN Wc 30.png
HT Wa 1544/HT Wa 1544.png,HT Wa 1544.png
HT Wa 1544/HT Wa 1544_1.png,HT Wa 1544_1.png
HT Wc 3005a/HT Wc 3005a_3.png,HT Wc 3005a_3.png
HT Wc 3005a/HT Wc 3005a_2.png,HT Wc 3005a_2.png
HT Wc 3005a/HT Wc 3005a_1.png,HT Wc 3005a_1.png
HT Wc 3005a/HT Wc 3005a.png,HT Wc 3005a.png
HT 154Jb/HT 154Jb.png,HT 154Jb.png
HT 154Jb/HT 154Jb_1.png,HT 154Jb_1.png
HT 136a/HT 136a.png,HT 136a.png
HT 136a/HT 136a_1.png,HT 136a_1.png
HT 136a/HT 136a_2.png,HT 136a_2.png
HT 136a/HT 136a_3.png,HT 136a_3.png
KH Wc 2115/KH Wc 2115_1.png,KH Wc 2115_1.png
KH Wc 2115/KH Wc 2115.png,KH Wc 2115.png
HT 24a/HT 24a_4.png,HT 24a_4.png
HT 24a/HT 24a_5.png,HT 24a_5.png
HT 24a/HT 24a_7.png,HT 24a_7.png
HT 24a/HT 24a_6.png,HT 24a_6.png
HT 24a/HT 24a_2.png,HT 24a_2.png
HT 24a/HT 24a_3.png,HT 24a_3.png
HT 24a/HT 24a_1.png,HT 24a_1.png
HT 24a/HT 24a_14.png,HT 24a_14.png
HT 24a/HT 24a_15.png,HT 24a_15.png
HT 24a/HT 24a_17.png,HT 24a_17.png
HT 24a/HT 24a_16.png,HT 24a_16.png
HT 24a/HT 24a_12.png,HT 24a_12.png
HT 24a/HT 24a.png,HT 24a.png
HT 24a/HT 24a_13.png,HT 24a_13.png
HT 24a/HT 24a_11.png,HT 24a_11.png
HT 24a/HT 24a_10.png,HT 24a_10.png
HT 24a/HT 24a_20.png,HT 24a_20.png
HT 24a/HT 24a_18.png,HT 24a_18.png
HT 24a/HT 24a_19.png,HT 24a_19.png
HT 24a/HT 24a_8.png,HT 24a_8.png
HT 24a/HT 24a_9.png,HT 24a_9.png
KH Wa 1001α/KH Wa 1001α_1.png,KH Wa 1001α_1.png
KH Wa 1001α/KH Wa 1001α.png,KH Wa 1001α.png
HT 2/HT 2_1.png,HT 2_1.png
HT 2/HT 2_2.png,HT 2_2.png
HT 2/HT 2_3.png,HT 2_3.png
HT 2/HT 2_7.png,HT 2_7.png
HT 2/HT 2_12.png,HT 2_12.png
HT 2/HT 2_6.png,HT 2_6.png
HT 2/HT 2_4.png,HT 2_4.png
HT 2/HT 2_10.png,HT 2_10.png
HT 2/HT 2_11.png,HT 2_11.png
HT 2/HT 2_5.png,HT 2_5.png
HT 2/HT 2.png,HT 2.png
HT 2/HT 2_8.png,HT 2_8.png
HT 2/HT 2_9.png,HT 2_9.png
KH Wa 1004/KH Wa 1004_1.png,KH Wa 1004_1.png
KH Wa 1004/KH Wa 1004_2.png,KH Wa 1004_2.png
KH Wa 1004/KH Wa 1004.png,KH Wa 1004.png
HT Zd 155/HT Zd 155.png,HT Zd 155.png
HT Zd 155/HT Zd 155_8.png,HT Zd 155_8.png
HT Zd 155/HT Zd 155_2.png,HT Zd 155_2.png
HT Zd 155/HT Zd 155_3.png,HT Zd 155_3.png
HT Zd 155/HT Zd 155_1.png,HT Zd 155_1.png
HT Zd 155/HT Zd 155_4.png,HT Zd 155_4.png
HT Zd 155/HT Zd 155_5.png,HT Zd 155_5.png
HT Zd 155/HT Zd 155_7.png,HT Zd 155_7.png
HT Zd 155/HT Zd 155_6.png,HT Zd 155_6.png
HT 113 ter/HT 113 ter.png,HT 113 ter.png
HT 113 ter/HT 113 ter_2.png,HT 113 ter_2.png
HT 113 ter/HT 113 ter_1.png,HT 113 ter_1.png
HT Wa 1725/HT Wa 1725.png,HT Wa 1725.png
HT Wa 1725/HT Wa 1725_1.png,HT Wa 1725_1.png
KH Wa 1003/KH Wa 1003_3.png,KH Wa 1003_3.png
KH Wa 1003/KH Wa 1003_2.png,KH Wa 1003_2.png
KH Wa 1003/KH Wa 1003_1.png,KH Wa 1003_1.png
KH Wa 1003/KH Wa 1003.png,KH Wa 1003.png
test truncated for brevity - this is a test to see if the tool accepts large content